{
  "project_info": {
    "project_number": "780015876055",
    "project_id": "smartstep-6a479",
    "storage_bucket": "smartstep-6a479.appspot.com"
  },
  "client": [
    {
      "client_info": {
        "mobilesdk_app_id": "1:780015876055:android:000fc15dd0ab2cc2b2fd92",
        "android_client_info": {
          "package_name": "com.example.smartstep"
        }
      },
      "oauth_client": [],
      "api_key": [
        {
          "current_key": "AIzaSyAQ06PZCMU_h6nmpO5Ew2rmtkigAH9TWzI"
        }
      ],
      "services": {
        "appinvite_service": {
          "other_platform_oauth_client": []
        }
      }
    }
  ],
  "configuration_version": "1"
}